IP,Date,Time,Accepted cookies,Device type,Browser language,Browser name,OS Name,Country,Region,RegionName,City,Zipcode,Lat,Lon
2401:4900:1c46:4ec:95fb:407b:3dff:6be6,2023-09-03,22:42:41 UTC,["necessary"],desktop,en,Chrome,Windows,India,DL,National Capital Territory of Delhi,New Delhi,110003,28.6328,77.2204
2401:4900:1c46:4ec:95fb:407b:3dff:6be6,2023-09-03,23:01:38 UTC,["necessary"],desktop,en,Chrome,Windows,India,DL,National Capital Territory of Delhi,New Delhi,110003,28.6328,77.2204
217.17.230.3,2023-09-04,01:44:07 UTC,["necessary"],desktop,en,Chrome,Windows,Bahrain,13,Manama,Seef,,26.2408,50.533
109.63.56.220,2023-09-04,02:22:14 UTC,["necessary"],mobile,en,Chrome,Android,Bahrain,13,Manama,Manama,09834,26.241,50.5779
122.161.66.238,2023-09-04,12:07:59 UTC,["necessary"],desktop,en,Chrome,Windows,India,DL,National Capital Territory of Delhi,Delhi,110001,28.6542,77.2373
122.161.66.238,2023-09-04,17:13:50 UTC,["necessary"],desktop,en,Firefox,Windows,India,DL,National Capital Territory of Delhi,Delhi,110001,28.6542,77.2373
2401:4900:30c8:81c0:a42b:f7ff:fe1a:5d37,2023-09-04,17:42:00 UTC,["necessary"],mobile,en,Chrome,Android,India,HR,Haryana,Rohtak,124021,28.8964,76.5909
217.17.230.3,2023-09-05,01:19:51 UTC,["necessary"],mobile,en,Safari,iOS,Bahrain,13,Manama,Seef,,26.2408,50.533
122.161.66.238,2023-09-05,12:11:06 UTC,["necessary"],desktop,en,Chrome,Windows,India,DL,National Capital Territory of Delhi,Delhi,110001,28.6542,77.2373
122.161.66.238,2023-09-05,14:12:12 UTC,["necessary"],desktop,en,Chrome,Windows,India,DL,National Capital Territory of Delhi,Delhi,110001,28.6542,77.2373
37.131.42.107,2023-09-05,16:50:30 UTC,["necessary"],desktop,en,Chrome,Windows,Bahrain,13,Manama,Manama,09834,26.241,50.5779
122.161.66.238,2023-09-05,18:20:51 UTC,["necessary"],desktop,en,Chrome,Windows,India,DL,National Capital Territory of Delhi,Delhi,110001,28.6542,77.2373
2401:4900:1c47:67d9:61ab:512b:1156:3a4f,2023-09-05,22:45:47 UTC,["necessary"],desktop,en,Chrome,Windows,India,DL,National Capital Territory of Delhi,Delhi,110001,28.6542,77.2373
2401:4900:1c47:67d9:61ab:512b:1156:3a4f,2023-09-05,22:46:47 UTC,["necessary"],desktop,en,Chrome,Windows,India,DL,National Capital Territory of Delhi,Delhi,110001,28.6542,77.2373
2401:4900:1c47:67d9:61ab:512b:1156:3a4f,2023-09-06,08:50:20 UTC,["necessary"],desktop,en,Chrome,Windows,India,DL,National Capital Territory of Delhi,Delhi,110001,28.6542,77.2373
37.131.42.149,2023-09-06,14:23:12 UTC,["necessary"],desktop,en,Chrome,Windows,Bahrain,13,Manama,Manama,09834,26.241,50.5779
122.161.66.238,2023-09-06,14:25:55 UTC,["necessary"],desktop,en,Chrome,Windows,India,DL,National Capital Territory of Delhi,Delhi,110001,28.6542,77.2373
122.161.66.238,2023-09-06,14:33:24 UTC,["necessary"],desktop,en,Chrome,Windows,India,DL,National Capital Territory of Delhi,Delhi,110001,28.6542,77.2373
109.63.56.148,2023-09-07,19:56:56 UTC,["necessary"],desktop,en,Chrome,Windows,Bahrain,13,Manama,Manama,09834,26.241,50.5779
82.194.51.53,2023-09-07,21:17:06 UTC,["necessary"],desktop,en,Safari,OS X,Bahrain,17,Northern,Madinat Hamad,,26.118,50.5011
37.131.105.189,2023-09-08,12:54:20 UTC,["necessary"],desktop,en,Chrome,Windows,Bahrain,13,Manama,Manama,09834,26.241,50.5779
37.131.105.189,2023-09-08,12:59:53 UTC,["necessary"],desktop,en,Chrome,Windows,Bahrain,13,Manama,Manama,09834,26.241,50.5779
37.131.105.189,2023-09-08,13:01:03 UTC,["necessary"],desktop,en,Chrome,Windows,Bahrain,13,Manama,Manama,09834,26.241,50.5779
37.131.105.189,2023-09-08,13:03:16 UTC,["necessary"],desktop,en,Chrome,Windows,Bahrain,13,Manama,Manama,09834,26.241,50.5779
49.43.153.64,2023-09-08,13:55:25 UTC,["necessary"],desktop,en,Firefox,Windows,India,UT,Uttarakhand,Dehradun,248001,30.3275,78.0325
116.58.200.124,2023-09-08,13:59:04 UTC,["necessary"],desktop,en,Chrome,Windows,Bangladesh,C,Dhaka Division,Dhaka,1212,23.775,90.4159
217.17.230.3,2023-09-09,21:36:58 UTC,["necessary"],desktop,en,Chrome,Windows,Bahrain,13,Manama,Seef,,26.2408,50.533
122.177.97.209,2023-09-10,10:41:08 UTC,["necessary"],desktop,en,Chrome,Windows,India,DL,National Capital Territory of Delhi,Delhi,110001,28.6542,77.2373
88.201.58.15,2023-09-10,14:57:18 UTC,["necessary"],mobile,en,Chrome,Android,Bahrain,13,Manama,Manama,09834,26.241,50.5779
122.161.66.238,2023-09-11,16:25:19 UTC,["necessary"],desktop,en,Chrome,Windows,India,DL,National Capital Territory of Delhi,Delhi,110001,28.6542,77.2373
37.131.107.139,2023-09-11,16:43:51 UTC,["necessary"],desktop,en,Chrome,Windows,Bahrain,13,Manama,Manama,09834,26.241,50.5779
2a02:cb80:4115:3f5c:ed41:5364:8686:8800,2023-09-11,23:22:53 UTC,["necessary"],mobile,en,Safari,iOS,Saudi Arabia,04,Eastern Province,Dammam,,26.4336,50.1116
217.17.230.3,2023-09-12,02:13:41 UTC,["necessary"],desktop,en,Chrome,Windows,Bahrain,13,Manama,Seef,,26.2408,50.533
46.184.249.130,2023-09-12,16:06:31 UTC,["necessary"],mobile,en,Chrome,Android,Bahrain,13,Manama,Manama,09834,26.241,50.5779
109.161.165.242,2023-09-12,16:51:14 UTC,["necessary"],desktop,en,Chrome,Windows,Bahrain,13,Manama,Manama,09834,26.241,50.5779
109.63.56.92,2023-09-12,17:59:36 UTC,["necessary"],desktop,en,Chrome,Windows,Bahrain,13,Manama,Manama,09834,26.241,50.5779
2401:4900:4456:1fd2:e02d:f0ff:fe3b:def0,2023-09-14,10:27:51 UTC,["necessary"],mobile,en,Chrome,Android,India,DL,National Capital Territory of Delhi,Delhi,110001,28.6542,77.2373
37.131.111.193,2023-09-14,13:22:04 UTC,["necessary"],desktop,en,Chrome,Windows,Bahrain,13,Manama,Manama,09834,26.241,50.5779
37.131.111.193,2023-09-14,13:59:37 UTC,["necessary"],desktop,en,Chrome,Windows,Bahrain,13,Manama,Manama,09834,26.241,50.5779
122.161.66.238,2023-09-14,14:08:52 UTC,["necessary"],desktop,en,Firefox,Windows,India,DL,National Capital Territory of Delhi,Delhi,110001,28.6542,77.2373
37.131.111.193,2023-09-14,14:54:22 UTC,["necessary"],desktop,en,Chrome,Windows,Bahrain,13,Manama,Manama,09834,26.241,50.5779
89.148.63.213,2023-09-15,17:30:42 UTC,["necessary"],mobile,en,Safari,iOS,Bahrain,13,Manama,Manama,09834,26.241,50.5779
37.131.44.213,2023-09-16,01:54:18 UTC,["necessary"],desktop,en,Chrome,Windows,Bahrain,13,Manama,Manama,09834,26.241,50.5779
46.184.244.123,2023-09-16,02:39:47 UTC,["necessary"],mobile,en,Opera Mobile,Android,Bahrain,13,Manama,Manama,09834,26.241,50.5779
46.184.188.225,2023-09-17,16:25:23 UTC,["necessary"],mobile,en,Safari,iOS,Bahrain,13,Manama,Manama,09834,26.241,50.5779
37.131.110.114,2023-09-17,18:33:35 UTC,["necessary"],desktop,en,Chrome,Windows,Bahrain,13,Manama,Manama,09834,26.241,50.5779
46.184.243.135,2023-09-17,23:04:50 UTC,["necessary"],mobile,en,Chrome,Android,Bahrain,13,Manama,Manama,09834,26.241,50.5779
39.35.193.247,2023-09-17,23:07:49 UTC,["necessary"],mobile,en,,Android,Pakistan,PB,Punjab,Gujranwala,40410,32.2722,72.939
111.88.148.199,2023-09-17,23:31:07 UTC,["necessary"],mobile,en,Chrome,Android,Pakistan,PB,Punjab,Lahore,54000,31.5826,74.3276
46.184.247.174,2023-09-18,00:40:29 UTC,["necessary"],desktop,en,Chrome,Windows,Bahrain,13,Manama,Manama,09834,26.241,50.5779
39.35.193.247,2023-09-18,01:21:14 UTC,["necessary"],mobile,en,,Android,Pakistan,PB,Punjab,Gujranwala,40410,32.2722,72.939
39.35.193.247,2023-09-18,01:22:49 UTC,["necessary"],mobile,en,Chrome,Android,Pakistan,PB,Punjab,Gujranwala,40410,32.2722,72.939
103.124.249.239,2023-09-18,01:24:30 UTC,["necessary"],desktop,en,Chrome,Windows,Bangladesh,C,Dhaka Division,Azimpur,1205,23.7298,90.3854
162.247.55.68,2023-09-18,08:22:32 UTC,["necessary"],mobile,en,,iOS,United States,TN,Tennessee,Clarksville,37043,36.5037,-87.2729
77.69.193.146,2023-09-18,12:52:21 UTC,["necessary"],desktop,en,Chrome,OS X,Bahrain,13,Manama,Manama,09834,26.241,50.5779
109.161.210.77,2023-09-18,14:38:21 UTC,["necessary"],mobile,en,Safari,iOS,Bahrain,17,Northern,Madinat Hamad,,26.118,50.5011
62.209.8.219,2023-09-18,15:34:37 UTC,["necessary"],mobile,en,Safari,iOS,Bahrain,15,Muharraq,Al Muharraq,,26.2572,50.6119
49.249.202.142,2023-09-18,16:44:13 UTC,["necessary"],desktop,en,Chrome,OS X,India,MH,Maharashtra,Thane,400604,19.1963,72.9675
74.119.194.23,2023-09-19,02:34:04 UTC,["necessary"],desktop,en,Chrome,Windows,United States,NJ,New Jersey,Secaucus,07094,40.7876,-74.06
119.160.28.99,2023-09-19,02:37:31 UTC,["necessary"],mobile,en,Samsung Internet,Android,Pakistan,IS,Islamabad,Islamabad,44000,33.7233,73.0435
41.80.112.11,2023-09-19,02:41:57 UTC,["necessary"],desktop,en,Chrome,Windows,Kenya,30,Nairobi,Nairobi,09831,-1.2841,36.8155
195.201.246.182,2023-09-19,02:42:56 UTC,["necessary"],desktop,en,Chrome,Windows,Germany,BY,Bavaria,Gunzenhausen,91710,49.1156,10.7511
194.33.45.162,2023-09-19,02:49:18 UTC,["necessary"],desktop,en,Chrome,Windows,United States,NY,New York,New York,10013,40.7157,-74
83.234.227.12,2023-09-19,03:14:34 UTC,["necessary"],desktop,en,Chrome,Windows,Russia,PRI,Primorye,Khasan,,42.4241,130.652
2404:3100:1c04:d493:9da8:3842:44bf:fd18,2023-09-19,03:59:53 UTC,["necessary"],desktop,en,Chrome,Windows,Pakistan,IS,Islamabad,Islamabad,44000,33.6844,73.0479
45.126.3.252,2023-09-19,04:00:04 UTC,["necessary"],desktop,en,Chrome,Windows,Hong Kong,KYT,Yau Tsim Mong,Mong Kok,96521,22.3204,114.168
47.156.178.44,2023-09-19,06:34:28 UTC,["necessary"],mobile,en,,iOS,United States,CA,California,Redlands,92374,34.0624,-117.1676
154.80.53.113,2023-09-19,12:06:39 UTC,["necessary"],mobile,en,Chrome,Android,Pakistan,PB,Punjab,Lahore,54000,31.5826,74.3276
97.97.19.196,2023-09-19,16:44:07 UTC,["necessary"],desktop,en,Chrome,Windows,United States,FL,Florida,Wesley Chapel,33545,28.2683,-82.2912
103.82.10.128,2023-09-19,17:34:02 UTC,["necessary"],desktop,en,Chrome,Windows,Bangladesh,C,Dhaka Division,Dhaka,1205,23.746,90.382
88.201.0.225,2023-09-19,21:55:59 UTC,["necessary"],mobile,en,Safari,iOS,Bahrain,15,Muharraq,Al Muharraq,,26.2572,50.6119
46.184.244.152,2023-09-19,22:23:56 UTC,["necessary"],mobile,en,Safari,iOS,Bahrain,13,Manama,Manama,09834,26.241,50.5779
24.201.68.35,2023-09-19,23:38:49 UTC,["necessary"],desktop,en,Chrome,Windows,Canada,QC,Quebec,Montreal,H1X,45.5599,-73.5691
182.176.159.72,2023-09-20,00:14:57 UTC,["necessary"],desktop,en,Chrome,Windows,Pakistan,IS,Islamabad,Islamabad,44000,33.6648,73.0419
24.201.68.35,2023-09-20,04:02:28 UTC,["necessary"],mobile,en,Chrome,Android,Canada,QC,Quebec,Montreal,H1X,45.5599,-73.5691
46.184.246.46,2023-09-20,17:46:06 UTC,["necessary"],mobile,en,Chrome,Android,Bahrain,13,Manama,Manama,09834,26.241,50.5779
84.255.131.69,2023-09-20,20:53:42 UTC,["necessary"],mobile,en,Safari,iOS,Bahrain,13,Manama,Manama,09834,26.241,50.5779
39.35.193.247,2023-09-20,23:06:24 UTC,["necessary"],desktop,en,Opera,Windows,Pakistan,PB,Punjab,Gujranwala,40410,32.2722,72.939
2401:4900:1c6e:6295:b004:49c3:6614:af53,2023-09-20,23:07:00 UTC,["necessary"],desktop,en,Chrome,Windows,India,CH,Chandigarh,Chandigarh,160036,30.7339,76.7889
39.35.193.247,2023-09-20,23:09:00 UTC,["necessary"],desktop,en,Chrome,Windows,Pakistan,PB,Punjab,Gujranwala,40410,32.2722,72.939
223.178.208.155,2023-09-20,23:32:36 UTC,["necessary"],desktop,en,Edge,Windows,India,CH,Chandigarh,Chandigarh,160002,30.7339,76.7889
39.43.218.210,2023-09-21,01:08:17 UTC,["necessary"],mobile,en,Chrome,Android,Pakistan,IS,Islamabad,Islamabad,44000,33.7233,73.0435
109.161.202.83,2023-09-21,12:09:19 UTC,["necessary"],desktop,en,Chrome,Windows,Bahrain,13,Manama,Manama,09834,26.241,50.5779
154.187.17.177,2023-09-21,13:52:54 UTC,["necessary"],mobile,en,Chrome,Android,Egypt,C,Cairo Governorate,Cairo,,30.0588,31.2268
46.184.242.124,2023-09-21,14:13:16 UTC,["necessary"],mobile,en,Chrome,Android,Bahrain,13,Manama,Manama,09834,26.241,50.5779
109.161.216.212,2023-09-21,14:13:33 UTC,["necessary"],mobile,en,Safari,iOS,Bahrain,17,Northern,Madinat Hamad,,26.118,50.5011
39.43.218.210,2023-09-21,18:15:13 UTC,["necessary"],desktop,en,Chrome,Windows,Pakistan,IS,Islamabad,Islamabad,44000,33.7233,73.0435
46.184.242.12,2023-09-21,20:49:48 UTC,["necessary"],mobile,en,Chrome,Android,Bahrain,13,Manama,Manama,09834,26.241,50.5779
217.17.230.3,2023-09-21,23:30:02 UTC,["necessary"],desktop,en,Chrome,Windows,Bahrain,13,Manama,Seef,,26.2408,50.533
119.73.102.135,2023-09-22,00:02:33 UTC,["necessary"],mobile,en,Chrome,Android,Pakistan,SD,Sindh,Karachi,75300,24.9246,67.087
103.125.71.174,2023-09-22,01:12:43 UTC,["necessary"],desktop,en,Chrome,Windows,Pakistan,SD,Sindh,Karachi,74000,24.8591,66.9983
39.32.195.25,2023-09-22,01:12:47 UTC,["necessary"],desktop,en,Chrome,Windows,Pakistan,IS,Islamabad,Islamabad,44000,33.7233,73.0435
154.80.18.208,2023-09-22,08:50:47 UTC,["necessary"],desktop,en,Chrome,Windows,Pakistan,PB,Punjab,Lahore,54600,31.5149,74.3464
59.103.120.15,2023-09-22,12:33:41 UTC,["necessary"],desktop,en,Chrome,Windows,Pakistan,SD,Sindh,Karachi,74200,24.8607,67.0011
122.173.25.124,2023-09-22,16:16:06 UTC,["necessary"],desktop,en,Firefox,Windows,India,CH,Chandigarh,Chandigarh,160036,30.7339,76.7889
72.255.42.209,2023-09-22,17:08:02 UTC,["necessary"],mobile,en,Chrome,Android,Pakistan,PB,Punjab,Gujranwala,40410,32.2722,72.939
122.173.25.124,2023-09-22,19:46:18 UTC,["necessary"],desktop,en,Chrome,Windows,India,CH,Chandigarh,Chandigarh,160036,30.7339,76.7889
122.177.98.250,2023-09-23,22:39:18 UTC,["necessary"],desktop,en,Chrome,Windows,India,DL,National Capital Territory of Delhi,Delhi,110006,28.6542,77.2373
217.17.230.3,2023-09-25,00:26:50 UTC,["necessary"],desktop,en,Chrome,Windows,Bahrain,13,Manama,Seef,,26.2408,50.533
46.184.246.33,2023-09-25,15:24:11 UTC,["necessary"],mobile,en,Chrome,Android,Bahrain,13,Manama,Manama,09834,26.241,50.5779
217.17.230.3,2023-09-25,15:33:04 UTC,["necessary"],desktop,en,Chrome,Windows,Bahrain,13,Manama,Seef,,26.2408,50.533
37.131.105.32,2023-09-26,17:42:34 UTC,["necessary"],desktop,en,Chrome,OS X,Bahrain,13,Manama,Manama,09834,26.241,50.5779
37.131.105.32,2023-09-26,18:26:10 UTC,["necessary"],desktop,en,Safari,OS X,Bahrain,13,Manama,Manama,09834,26.241,50.5779
37.131.105.32,2023-09-26,18:53:58 UTC,["necessary"],desktop,en,Chrome,Windows,Bahrain,13,Manama,Manama,09834,26.241,50.5779
37.131.105.32,2023-09-26,19:06:14 UTC,["necessary"],desktop,en,Edge,Windows,Bahrain,13,Manama,Manama,09834,26.241,50.5779
37.131.105.32,2023-09-26,19:28:44 UTC,["necessary"],desktop,en,Chrome,Windows,Bahrain,13,Manama,Manama,09834,26.241,50.5779
37.131.105.32,2023-09-27,18:23:32 UTC,["necessary"],desktop,en,Chrome,Windows,Bahrain,13,Manama,Manama,09834,26.241,50.5779
2605:8d80:32c:3d96:a119:7787:441c:b1b9,2023-09-27,22:40:05 UTC,["necessary"],mobile,en,Safari,iOS,Canada,AB,Alberta,Calgary,T3H,51.0455,-114.1988
109.63.56.182,2023-09-30,17:56:29 UTC,["necessary"],mobile,en,Chrome,Android,Bahrain,13,Manama,Manama,09834,26.241,50.5779
39.62.7.153,2023-09-30,18:13:30 UTC,["necessary"],desktop,en,Chrome,Windows,Pakistan,PB,Punjab,Lahore,54000,31.5826,74.3276
46.184.245.208,2023-09-30,20:52:34 UTC,["necessary"],mobile,en,Safari,iOS,Bahrain,13,Manama,Manama,09834,26.241,50.5779
217.17.230.3,2023-09-30,21:20:28 UTC,["necessary"],tablet,en,Chrome,Android,Bahrain,13,Manama,Seef,,26.2408,50.533
88.213.90.83,2023-10-01,17:11:08 UTC,["necessary"],desktop,en,Chrome,Windows,Saudi Arabia,01,Riyadh Region,Riyadh,,24.7136,46.6753
88.213.90.83,2023-10-01,17:22:06 UTC,["necessary"],desktop,en,Edge,Windows,Saudi Arabia,01,Riyadh Region,Riyadh,,24.7136,46.6753
89.211.239.135,2023-10-01,22:23:56 UTC,["necessary"],mobile,en,Chrome,iOS,Qatar,DA,Baladiyat ad Dawhah,Doha,,25.2925,51.5321
89.211.239.135,2023-10-01,22:26:15 UTC,["necessary"],mobile,en,Google Search,iOS,Qatar,DA,Baladiyat ad Dawhah,Doha,,25.2925,51.5321
89.211.239.135,2023-10-01,23:01:16 UTC,["necessary"],desktop,en,Chrome,OS X,Qatar,DA,Baladiyat ad Dawhah,Doha,,25.2925,51.5321
77.69.193.146,2023-10-02,14:53:37 UTC,["necessary"],desktop,en,Chrome,Windows,Bahrain,13,Manama,Manama,09834,26.241,50.5779
77.69.193.146,2023-10-02,14:54:39 UTC,["necessary"],desktop,en,Chrome,Windows,Bahrain,13,Manama,Manama,09834,26.241,50.5779
217.17.230.3,2023-10-02,15:43:02 UTC,["necessary"],desktop,en,Chrome,Windows,Bahrain,13,Manama,Manama,09834,26.241,50.5779
217.17.230.3,2023-10-02,15:56:30 UTC,["necessary"],desktop,en,Chrome,Windows,Bahrain,13,Manama,Manama,09834,26.241,50.5779
109.161.194.36,2023-10-03,16:40:18 UTC,["necessary"],mobile,en,Safari,iOS,Bahrain,13,Manama,Manama,09834,26.241,50.5779
64.145.67.50,2023-10-03,18:22:32 UTC,["necessary"],mobile,en,Chrome,Android,United States,GA,Georgia,Atlanta,30303,33.7489,-84.3879
176.98.71.35,2023-10-05,09:25:56 UTC,["necessary"],mobile,ru,MIUI Browser,Android,Ukraine,71,Cherkasy Oblast,Uman,20300,48.7477,30.2151
122.161.72.93,2023-10-05,11:57:50 UTC,["necessary"],desktop,en,Chrome,Windows,India,DL,National Capital Territory of Delhi,Delhi,110001,28.6542,77.2373
217.17.230.3,2023-10-05,12:07:16 UTC,["necessary"],desktop,en,Chrome,Windows,Bahrain,13,Manama,Manama,09834,26.241,50.5779
46.184.249.87,2023-10-05,19:24:39 UTC,["necessary"],desktop,en,Chrome,Windows,Bahrain,13,Manama,Manama,09834,26.241,50.5779
2405:201:202e:b091:8a86:196b:7528:c4c2,2023-10-06,14:31:54 UTC,["necessary"],desktop,en,Chrome,Linux,India,GJ,Gujarat,Surat,395007,21.1888,72.8293
78.110.67.182,2023-10-08,13:43:06 UTC,["necessary"],desktop,en,Safari,OS X,Bahrain,13,Manama,Manama,09834,26.241,50.5779
78.110.67.182,2023-10-08,13:51:50 UTC,["necessary"],desktop,en,Safari,OS X,Bahrain,13,Manama,Manama,09834,26.241,50.5779
2401:4900:1c47:6a4:9d5b:3a6b:77d6:4ec8,2023-10-08,19:10:45 UTC,["necessary"],desktop,en,Chrome,Windows,India,DL,National Capital Territory of Delhi,Delhi,110001,28.6542,77.2373
37.131.104.229,2023-10-09,13:45:07 UTC,["necessary"],desktop,en,Chrome,OS X,Bahrain,13,Manama,Manama,09834,26.241,50.5779
81.22.19.90,2023-10-11,12:11:40 UTC,["necessary"],desktop,en,Chrome,Windows,Bahrain,13,Manama,Tubli,,26.1856,50.5504
109.161.175.160,2023-10-14,15:08:14 UTC,["necessary"],desktop,en,Chrome,Windows,Bahrain,13,Manama,Manama,09834,26.241,50.5779
109.161.175.160,2023-10-15,13:39:30 UTC,["necessary"],desktop,en,Chrome,Windows,Bahrain,13,Manama,Manama,09834,26.241,50.5779
217.17.230.3,2023-10-15,21:24:17 UTC,["necessary"],desktop,en,Chrome,Windows,Bahrain,13,Manama,Manama,09834,26.241,50.5779
82.194.47.64,2023-10-15,21:36:59 UTC,["necessary"],mobile,en,Safari,iOS,Bahrain,14,Southern Governorate,Ar Rifa',,26.1226,50.5557
82.194.47.64,2023-10-15,21:37:56 UTC,["necessary"],mobile,en,Safari,iOS,Bahrain,14,Southern Governorate,Ar Rifa',,26.1226,50.5557
46.184.248.143,2023-10-16,13:21:24 UTC,["necessary"],desktop,en,Chrome,Windows,Bahrain,13,Manama,Manama,09834,26.241,50.5779
46.184.248.143,2023-10-16,13:22:36 UTC,["necessary"],desktop,en,Chrome,Windows,Bahrain,13,Manama,Manama,09834,26.241,50.5779
217.17.230.3,2023-10-17,15:05:18 UTC,["necessary"],desktop,en,Chrome,OS X,Bahrain,13,Manama,Manama,09834,26.241,50.5779
77.69.173.27,2023-10-17,22:41:48 UTC,["necessary"],desktop,en,Chrome,Windows,Bahrain,13,Manama,Manama,09834,26.2227,50.5708
77.69.173.27,2023-10-17,22:59:38 UTC,["necessary"],desktop,en,Chrome,Windows,Bahrain,13,Manama,Manama,09834,26.2227,50.5708
217.17.230.3,2023-10-18,01:21:22 UTC,["necessary"],desktop,en,Chrome,Windows,Bahrain,13,Manama,Manama,09834,26.241,50.5779
122.161.66.250,2023-10-19,18:26:39 UTC,["necessary"],desktop,en,Chrome,Windows,India,DL,National Capital Territory of Delhi,Delhi,110001,28.6542,77.2373
217.17.230.3,2023-10-19,18:53:54 UTC,["necessary"],desktop,en,Chrome,Windows,Bahrain,13,Manama,Manama,09834,26.241,50.5779
217.17.230.3,2023-10-20,00:43:29 UTC,["necessary"],desktop,en,Chrome,Windows,Bahrain,13,Manama,Manama,09834,26.241,50.5779
46.184.243.162,2023-10-20,12:14:04 UTC,["necessary"],desktop,en,Chrome,Windows,Bahrain,13,Manama,Manama,09834,26.241,50.5779
37.131.107.173,2023-10-20,16:17:51 UTC,["necessary"],mobile,en,Safari,iOS,Bahrain,13,Manama,Manama,09834,26.241,50.5779
2405:201:202e:b091:c03c:60e:e88e:7c27,2023-10-20,16:36:06 UTC,["necessary"],desktop,en,Chrome,Linux,India,GJ,Gujarat,Surat,395007,21.1888,72.8293
46.184.240.3,2023-10-20,20:23:10 UTC,["necessary"],desktop,en,Chrome,Windows,Bahrain,13,Manama,Manama,09834,26.241,50.5779
39.35.233.254,2023-10-21,01:30:05 UTC,["necessary"],desktop,en,Chrome,Windows,Pakistan,PB,Punjab,Gujranwala,40410,32.2722,72.939
39.35.233.254,2023-10-21,01:32:31 UTC,["necessary"],desktop,en,Chrome,Windows,Pakistan,PB,Punjab,Gujranwala,40410,32.2722,72.939
46.184.240.3,2023-10-21,02:00:54 UTC,["necessary"],mobile,en,Chrome,Android,Bahrain,13,Manama,Manama,09834,26.241,50.5779
39.35.233.254,2023-10-21,03:49:11 UTC,["necessary"],desktop,en,Chrome,Windows,Pakistan,PB,Punjab,Gujranwala,40410,32.2722,72.939
39.35.233.254,2023-10-21,03:50:14 UTC,["necessary"],desktop,en,Chrome,Windows,Pakistan,PB,Punjab,Gujranwala,40410,32.2722,72.939
39.35.233.254,2023-10-21,03:52:11 UTC,["necessary"],desktop,en,Chrome,Windows,Pakistan,PB,Punjab,Gujranwala,40410,32.2722,72.939
39.35.233.254,2023-10-21,03:57:55 UTC,["necessary"],desktop,en,Chrome,Windows,Pakistan,PB,Punjab,Gujranwala,40410,32.2722,72.939
39.35.233.254,2023-10-21,04:21:27 UTC,["necessary"],desktop,en,Chrome,Windows,Pakistan,PB,Punjab,Gujranwala,40410,32.2722,72.939
39.35.233.254,2023-10-21,04:55:57 UTC,["necessary"],desktop,en,Chrome,Windows,Pakistan,PB,Punjab,Gujranwala,40410,32.2722,72.939
39.35.233.254,2023-10-21,05:08:54 UTC,["necessary"],desktop,en,Chrome,Windows,Pakistan,PB,Punjab,Gujranwala,40410,32.2722,72.939
39.35.233.254,2023-10-21,05:13:26 UTC,["necessary"],desktop,en,Chrome,Windows,Pakistan,PB,Punjab,Gujranwala,40410,32.2722,72.939
46.184.241.232,2023-10-21,05:43:46 UTC,["necessary"],desktop,en,Chrome,Windows,Bahrain,13,Manama,Manama,09834,26.241,50.5779
217.17.230.3,2023-10-21,13:30:27 UTC,["necessary"],mobile,en,Chrome,Android,Bahrain,13,Manama,Manama,09834,26.241,50.5779
122.161.66.250,2023-10-21,16:47:02 UTC,["necessary"],desktop,en,Chrome,Windows,India,DL,National Capital Territory of Delhi,Delhi,110001,28.6542,77.2373
46.184.246.209,2023-10-21,23:18:16 UTC,["necessary"],desktop,en,Chrome,Windows,Bahrain,13,Manama,Manama,09834,26.241,50.5779
95.84.66.248,2023-10-21,23:39:07 UTC,["necessary"],mobile,en,Samsung Internet,Android,Bahrain,13,Manama,Manama,09834,26.241,50.5779
39.35.233.254,2023-10-22,01:32:00 UTC,["necessary"],desktop,en,Chrome,Windows,Pakistan,PB,Punjab,Gujranwala,40410,32.2722,72.939
39.35.233.254,2023-10-22,01:41:42 UTC,["necessary"],desktop,en,Chrome,Windows,Pakistan,PB,Punjab,Gujranwala,40410,32.2722,72.939
39.35.233.254,2023-10-22,01:42:09 UTC,["necessary"],desktop,en,Chrome,Windows,Pakistan,PB,Punjab,Gujranwala,40410,32.2722,72.939
39.35.233.254,2023-10-22,02:11:17 UTC,["necessary"],desktop,en,Chrome,Windows,Pakistan,PB,Punjab,Gujranwala,40410,32.2722,72.939
39.35.233.254,2023-10-22,04:11:50 UTC,["necessary"],desktop,en,Opera,Windows,Pakistan,PB,Punjab,Gujranwala,40410,32.2722,72.939
77.69.190.155,2023-10-22,14:11:42 UTC,["necessary"],mobile,en,Samsung Internet,Android,Bahrain,13,Manama,Manama,09834,26.241,50.5779
46.184.245.57,2023-10-22,20:22:12 UTC,["necessary"],desktop,en,Chrome,Windows,Bahrain,13,Manama,Manama,09834,26.241,50.5779
46.184.245.57,2023-10-22,20:35:56 UTC,["necessary"],desktop,en,Chrome,Windows,Bahrain,13,Manama,Manama,09834,26.241,50.5779
193.188.113.92,2023-10-23,15:49:21 UTC,["necessary"],desktop,en,Chrome,OS X,Bahrain,13,Manama,Manama,09834,26.241,50.5779
193.188.113.92,2023-10-23,15:52:15 UTC,["necessary"],mobile,en,Chrome,Android,Bahrain,13,Manama,Manama,09834,26.241,50.5779
109.161.162.126,2023-10-24,13:40:18 UTC,["necessary"],desktop,en,Chrome,Windows,Bahrain,13,Manama,Manama,09834,26.241,50.5779
122.161.67.96,2023-10-26,18:56:38 UTC,["necessary"],desktop,en,Chrome,Windows,India,DL,National Capital Territory of Delhi,Delhi,110001,28.6542,77.2373
217.17.230.3,2023-10-27,11:03:43 UTC,["necessary"],mobile,en,Chrome,Android,Bahrain,13,Manama,Manama,09834,26.241,50.5779
89.148.16.124,2023-10-29,15:17:41 UTC,["necessary"],desktop,en,Chrome,Windows,Bahrain,13,Manama,Manama,09834,26.241,50.5779
39.35.222.17,2023-10-29,17:55:38 UTC,["necessary"],desktop,en,Chrome,Windows,Pakistan,PB,Punjab,Gujranwala,40410,32.2722,72.939
82.194.37.48,2023-10-29,18:21:01 UTC,["necessary"],mobile,en,Chrome,Android,Bahrain,13,Manama,Sanad,,26.1459,50.5754
217.17.230.3,2023-10-29,22:44:02 UTC,["necessary"],desktop,en,Chrome,Windows,Bahrain,13,Manama,Manama,09834,26.241,50.5779
154.80.19.32,2023-10-30,22:05:59 UTC,["necessary"],mobile,en,Chrome,Android,Pakistan,IS,Islamabad,Islamabad,44040,33.7233,73.0435
217.17.230.3,2023-10-31,01:44:27 UTC,["necessary"],desktop,en,Chrome,Windows,Bahrain,13,Manama,Manama,09834,26.241,50.5779
109.63.56.60,2023-11-01,00:22:22 UTC,["necessary"],mobile,en,Chrome,Android,Bahrain,13,Manama,Manama,09834,26.241,50.5779
217.17.230.3,2023-11-01,04:39:28 UTC,["necessary"],desktop,en,Chrome,Windows,Bahrain,13,Manama,Manama,09834,26.241,50.5779
109.63.56.32,2023-11-01,04:44:09 UTC,["necessary"],mobile,en,Chrome,Android,Bahrain,13,Manama,Manama,09834,26.241,50.5779
109.63.56.32,2023-11-01,17:49:54 UTC,["necessary"],desktop,en,Chrome,Windows,Bahrain,13,Manama,Manama,09834,26.241,50.5779
2401:4900:30cd:2f1:b474:d8ff:fea7:89fc,2023-11-02,01:22:36 UTC,["necessary"],mobile,en,Chrome,Android,India,DL,National Capital Territory of Delhi,Delhi,110001,28.6542,77.2373
39.35.222.17,2023-11-02,01:25:20 UTC,["necessary"],desktop,en,Chrome,Windows,Pakistan,PB,Punjab,Gujranwala,40410,32.2722,72.939
2603:3026:452:f100:74ca:1e54:3c01:d8f7,2023-11-02,01:25:24 UTC,["necessary"],mobile,en,,iOS,United States,UT,Utah,Salt Lake City,84102,40.761,-111.8611
217.17.230.3,2023-11-02,02:22:39 UTC,["necessary"],desktop,en,Chrome,Windows,Bahrain,13,Manama,Manama,09834,26.241,50.5779
2601:681:6700:1b30:71d7:b1d6:c482:7110,2023-11-02,08:22:07 UTC,["necessary"],desktop,en,Chrome,OS X,United States,UT,Utah,Salt Lake City,84106,40.6982,-111.841
37.111.143.124,2023-11-02,15:35:36 UTC,["necessary"],mobile,en,,Android,Pakistan,IS,Islamabad,Islamabad,45210,33.685,72.9881
103.159.79.1,2023-11-02,16:35:51 UTC,["necessary"],desktop,en,Chrome,Windows,Pakistan,PB,Punjab,Lahore,54000,31.5826,74.3276
103.159.79.1,2023-11-02,16:45:54 UTC,["necessary"],desktop,en,Chrome,Windows,Pakistan,PB,Punjab,Lahore,54000,31.5826,74.3276
37.131.110.158,2023-11-03,11:24:36 UTC,["necessary"],desktop,en,Chrome,Windows,Bahrain,13,Manama,Manama,09834,26.241,50.5779
37.131.110.158,2023-11-03,20:05:54 UTC,["necessary"],mobile,en,Chrome,Android,Bahrain,13,Manama,Manama,09834,26.241,50.5779
37.131.110.158,2023-11-04,12:19:33 UTC,["necessary"],mobile,en,Chrome,Android,Bahrain,13,Manama,Manama,09834,26.241,50.5779
37.131.110.158,2023-11-04,13:17:26 UTC,["necessary"],desktop,en,Chrome,Windows,Bahrain,13,Manama,Manama,09834,26.241,50.5779
37.131.110.158,2023-11-04,14:18:31 UTC,["necessary"],mobile,en,Chrome,Android,Bahrain,13,Manama,Manama,09834,26.241,50.5779
193.188.99.86,2023-11-04,20:29:15 UTC,["necessary"],desktop,en,Chrome,Windows,Bahrain,13,Manama,Manama,09834,26.241,50.5779
37.131.106.152,2023-11-05,03:04:43 UTC,["necessary"],mobile,en,Safari,iOS,Bahrain,13,Manama,Manama,09834,26.241,50.5779
109.161.171.242,2023-11-05,15:35:10 UTC,["necessary"],mobile,en,Chrome,Android,Bahrain,13,Manama,Manama,09834,26.241,50.5779
216.131.75.102,2023-11-05,15:35:27 UTC,["necessary"],mobile,en,Chrome,Android,United States,GA,Georgia,Atlanta,30303,33.7489,-84.3879
37.131.43.14,2023-11-05,16:43:22 UTC,["necessary"],mobile,en,Chrome,Android,Bahrain,13,Manama,Manama,09834,26.241,50.5779
88.201.62.195,2023-11-05,22:38:27 UTC,["necessary"],mobile,en,Safari,iOS,Bahrain,13,Manama,Manama,09834,26.241,50.5779
77.69.152.242,2023-11-06,11:46:08 UTC,["necessary"],desktop,en,Safari,OS X,Bahrain,13,Manama,Manama,09834,26.2227,50.5708
109.63.56.64,2023-11-06,20:36:22 UTC,["necessary"],mobile,en,Chrome,Android,Bahrain,13,Manama,Manama,09834,26.241,50.5779
88.201.62.195,2023-11-06,22:42:01 UTC,["necessary"],mobile,en,Safari,iOS,Bahrain,13,Manama,Manama,09834,26.241,50.5779
217.17.230.3,2023-11-07,15:36:44 UTC,["necessary"],desktop,en,Chrome,Windows,Bahrain,13,Manama,Manama,09834,26.241,50.5779
46.184.246.162,2023-11-07,17:42:59 UTC,["necessary"],desktop,en,Chrome,Windows,Bahrain,13,Manama,Manama,09834,26.241,50.5779
39.35.211.225,2023-11-08,01:12:11 UTC,["necessary"],mobile,en,Chrome,Android,Pakistan,PB,Punjab,Gujranwala,40410,32.2722,72.939
217.17.230.3,2023-11-08,13:37:48 UTC,["necessary"],desktop,en,Chrome,Windows,Bahrain,13,Manama,Manama,09834,26.241,50.5779
89.148.23.107,2023-11-09,12:33:54 UTC,["necessary"],desktop,en,Chrome,Windows,Bahrain,17,Northern,Al Budayyi`,,26.2129,50.4457
88.201.32.143,2023-11-12,17:44:49 UTC,["necessary"],desktop,en,Chrome,Windows,Bahrain,13,Manama,Manama,09834,26.241,50.5779
2a02:4780:3:1e::2,2023-11-13,18:28:49 UTC,["necessary"],desktop,en,Chrome,Windows,Singapore,03,North West,Singapore,858877,1.35208,103.82
88.201.32.143,2023-11-13,20:08:31 UTC,["necessary"],desktop,en,Chrome,Windows,Bahrain,13,Manama,Manama,09834,26.241,50.5779
88.201.32.143,2023-11-13,20:27:03 UTC,["necessary"],desktop,en,Chrome,Windows,Bahrain,13,Manama,Manama,09834,26.241,50.5779
88.201.32.143,2023-11-13,20:32:58 UTC,["necessary"],desktop,en,Chrome,Windows,Bahrain,13,Manama,Manama,09834,26.241,50.5779
37.131.106.219,2023-11-13,20:35:48 UTC,["necessary"],mobile,en,Chrome,Android,Bahrain,13,Manama,Manama,09834,26.241,50.5779
37.131.106.219,2023-11-13,20:38:58 UTC,["necessary"],mobile,en,Chrome,Android,Bahrain,13,Manama,Manama,09834,26.241,50.5779
2a02:4780:3:1e::2,2023-11-13,20:42:33 UTC,["necessary"],desktop,en,Chrome,Windows,Singapore,03,North West,Singapore,858877,1.35208,103.82
217.17.230.3,2023-11-14,03:19:49 UTC,["necessary"],desktop,en,Chrome,Windows,Bahrain,13,Manama,Manama,09834,26.241,50.5779
46.184.213.34,2023-11-14,18:35:37 UTC,["necessary"],desktop,en,Chrome,OS X,Bahrain,13,Manama,Manama,09834,26.241,50.5779
37.131.105.209,2023-11-14,20:59:26 UTC,["necessary"],mobile,en,Opera Mobile,Android,Bahrain,13,Manama,Manama,09834,26.241,50.5779
217.17.230.3,2023-11-16,00:44:50 UTC,["necessary"],desktop,en,Chrome,Windows,Bahrain,13,Manama,Manama,09834,26.241,50.5779
217.17.230.3,2023-11-16,04:38:57 UTC,["necessary"],desktop,en,Chrome,Windows,Bahrain,13,Manama,Manama,09834,26.241,50.5779
217.17.230.3,2023-11-16,14:12:56 UTC,["necessary"],desktop,en,Chrome,Windows,Bahrain,13,Manama,Manama,09834,26.241,50.5779
217.17.230.3,2023-11-16,14:59:30 UTC,["necessary"],desktop,en,Chrome,Windows,Bahrain,13,Manama,Manama,09834,26.241,50.5779
46.184.241.149,2023-11-17,02:39:09 UTC,["necessary"],mobile,en,Chrome,Android,Bahrain,13,Manama,Manama,09834,26.241,50.5779
77.69.227.120,2023-11-18,19:28:15 UTC,["necessary"],mobile,en,Safari,iOS,Bahrain,17,Northern,Madinat Hamad,,26.118,50.5011
89.148.18.88,2023-11-19,18:53:29 UTC,["necessary"],desktop,en,Chrome,Windows,Bahrain,13,Manama,Manama,09834,26.241,50.5779
46.184.243.82,2023-11-20,14:04:42 UTC,["necessary"],mobile,en,Chrome,Android,Bahrain,13,Manama,Manama,09834,26.241,50.5779
39.55.163.246,2023-11-20,22:00:43 UTC,["necessary"],desktop,en,Chrome,Windows,Pakistan,PB,Punjab,Lahore,54020,31.5826,74.3276
217.17.230.3,2023-11-21,01:36:56 UTC,["necessary"],desktop,en,Chrome,Windows,Bahrain,13,Manama,Manama,09834,26.241,50.5779
46.184.243.82,2023-11-21,02:04:56 UTC,["necessary"],desktop,en,Chrome,Windows,Bahrain,13,Manama,Manama,09834,26.241,50.5779
46.184.243.82,2023-11-21,02:22:26 UTC,["necessary"],desktop,en,Chrome,Windows,Bahrain,13,Manama,Manama,09834,26.241,50.5779
2405:201:202e:b091:b197:6955:6e63:48f7,2023-11-21,14:39:41 UTC,["necessary"],desktop,en,Chrome,Linux,India,GJ,Gujarat,Surat,395007,21.1888,72.8293
217.196.225.170,2023-11-22,16:01:45 UTC,["necessary"],desktop,en,Chrome,OS X,United Kingdom,ENG,England,London,E1 8HQ,51.5135,-0.0708181
217.17.230.3,2023-11-23,02:34:27 UTC,["necessary"],desktop,en,Chrome,Windows,Bahrain,13,Manama,Manama,09834,26.241,50.5779
193.188.113.146,2023-11-29,11:17:19 UTC,["necessary"],mobile,en,Chrome,iOS,Bahrain,13,Manama,Manama,09834,26.241,50.5779
46.184.188.241,2023-12-02,14:15:32 UTC,["necessary"],mobile,en,Chrome,Android,Bahrain,13,Manama,Manama,09834,26.241,50.5779
88.201.0.29,2023-12-04,09:43:11 UTC,["necessary"],mobile,en,Safari,iOS,Bahrain,13,Manama,Manama,09834,26.241,50.5779
109.161.222.79,2023-12-04,16:06:05 UTC,["necessary"],mobile,en,Safari,iOS,Bahrain,14,Southern Governorate,Madinat `Isa,,26.175,50.5486
46.184.241.182,2023-12-09,18:00:21 UTC,["necessary"],mobile,en,Chrome,Android,Bahrain,13,Manama,Manama,09834,26.241,50.5779
46.184.187.187,2023-12-13,16:38:09 UTC,["necessary"],mobile,en,Chrome,Android,Bahrain,13,Manama,Manama,09834,26.241,50.5779
88.213.90.83,2023-12-14,13:56:15 UTC,["necessary"],mobile,en,Chrome,Android,Saudi Arabia,01,Riyadh Region,Riyadh,09848,24.6869,46.7224
37.131.110.26,2023-12-17,18:46:13 UTC,["necessary"],mobile,en,Samsung Internet,Android,Bahrain,13,Manama,Manama,09834,26.241,50.5779
37.131.110.26,2023-12-17,19:13:31 UTC,["necessary"],desktop,en,Chrome,Windows,Bahrain,13,Manama,Manama,09834,26.241,50.5779
87.237.198.140,2023-12-18,01:10:41 UTC,["necessary"],mobile,en,Safari,iOS,Bahrain,13,Manama,Manama,09834,26.241,50.5779
83.111.187.21,2023-12-26,08:58:34 UTC,["necessary"],desktop,en,Edge,Windows,United Arab Emirates,AZ,Abu Dhabi,Abu Dhabi,,24.4542,54.406
193.188.123.198,2023-12-27,08:18:29 UTC,["necessary"],desktop,en,Chrome,OS X,Bahrain,13,Manama,Manama,09834,26.241,50.5779
82.194.48.52,2024-01-04,15:51:50 UTC,["necessary"],desktop,en,Safari,OS X,Bahrain,13,Manama,Manama,09834,26.241,50.5779
188.51.173.191,2024-01-07,15:59:01 UTC,["necessary"],desktop,en,Chrome,OS X,Saudi Arabia,01,Riyadh Region,Riyadh,09848,24.6869,46.7224
2001:16a2:c051:b178:3869:7d61:9f8b:8413,2024-01-07,18:05:20 UTC,["necessary"],mobile,en,Safari,iOS,Saudi Arabia,01,Riyadh Region,Riyadh,09848,24.6869,46.7224
46.153.196.76,2024-01-07,18:07:46 UTC,["necessary"],desktop,en,Chrome,OS X,Saudi Arabia,01,Riyadh Region,Riyadh,09848,24.6869,46.7224
217.17.230.3,2024-01-08,01:21:09 UTC,["necessary"],desktop,en,Chrome,Windows,Bahrain,13,Manama,Manama,09834,26.241,50.5779
77.69.193.146,2024-01-09,17:49:55 UTC,["necessary"],desktop,en,Chrome,OS X,Bahrain,13,Manama,Manama,09834,26.241,50.5779
46.184.246.187,2024-01-13,00:39:03 UTC,["necessary"],mobile,en,Safari,iOS,Bahrain,13,Manama,Manama,09834,26.241,50.5779
46.184.193.135,2024-01-14,15:22:36 UTC,["necessary"],desktop,en,Chrome,Windows,Bahrain,13,Manama,Manama,09834,26.241,50.5779
82.194.37.92,2024-01-14,22:55:33 UTC,["necessary"],mobile,en,Safari,iOS,Bahrain,17,Northern,Madinat Hamad,,26.118,50.5011
82.194.37.92,2024-01-15,00:09:15 UTC,["necessary"],mobile,en,Google Search,iOS,Bahrain,17,Northern,Madinat Hamad,,26.118,50.5011
217.17.230.3,2024-01-15,15:16:42 UTC,["necessary"],desktop,en,Chrome,Windows,Bahrain,13,Manama,Manama,09834,26.241,50.5779
217.17.230.3,2024-01-15,15:18:03 UTC,["necessary"],desktop,en,Chrome,Windows,Bahrain,13,Manama,Manama,09834,26.241,50.5779
193.188.113.66,2024-01-16,22:06:04 UTC,["necessary"],mobile,ar,Samsung Internet,Android,Bahrain,13,Manama,Manama,09834,26.241,50.5779
46.184.193.135,2024-01-20,14:55:16 UTC,["necessary"],mobile,en,Safari,iOS,Bahrain,13,Manama,Manama,09834,26.241,50.5779
193.188.123.188,2024-01-20,18:51:29 UTC,["necessary"],mobile,en,Safari,iOS,Bahrain,13,Manama,Manama,09834,26.241,50.5779
165.225.106.128,2024-01-20,19:01:40 UTC,["necessary"],desktop,en,Chrome,Windows,India,MH,Maharashtra,Mumbai,400070,19.0748,72.8856
165.225.106.125,2024-01-20,19:20:11 UTC,["necessary"],desktop,en,Chrome,Windows,India,MH,Maharashtra,Mumbai,400070,19.0748,72.8856
165.225.106.85,2024-01-20,20:28:03 UTC,["necessary"],desktop,en,Chrome,Windows,India,MH,Maharashtra,Mumbai,400070,19.0748,72.8856
88.201.49.134,2024-01-20,21:14:13 UTC,["necessary"],desktop,en,Edge,Windows,Bahrain,13,Manama,Manama,09834,26.241,50.5779
165.225.26.201,2024-01-21,11:43:34 UTC,["necessary"],desktop,en,Chrome,Windows,Germany,HE,Hesse,Frankfurt am Main,60313,50.1188,8.6843
2401:4900:1c48:bd64:e596:93dc:69dc:dd43,2024-01-23,22:49:36 UTC,["necessary"],desktop,en,Chrome,Windows,India,DL,National Capital Territory of Delhi,Delhi,110008,28.6542,77.2373
46.184.242.221,2024-01-24,12:36:06 UTC,["necessary"],desktop,en,Chrome,Windows,Bahrain,13,Manama,Manama,09834,26.241,50.5779
2001:8f8:1a3f:1bb6:7dd5:d2af:88ff:a83f,2024-01-25,13:51:45 UTC,["necessary"],desktop,en,Chrome,OS X,United Arab Emirates,DU,Dubai,Dubai,,25.0731,55.298
2001:8f8:1a61:ecea:1502:b1e1:3cf:f054,2024-01-25,13:52:50 UTC,["necessary"],desktop,en,Chrome,OS X,United Arab Emirates,DU,Dubai,Dubai,,25.0731,55.298
88.201.0.65,2024-01-28,13:00:46 UTC,["necessary"],mobile,en,Safari,iOS,Bahrain,13,Manama,Manama,09834,26.2279,50.5857
109.63.85.12,2024-01-29,17:58:57 UTC,["necessary"],mobile,en,Safari,iOS,Bahrain,15,Muharraq,Al Hadd,,26.2459,50.6615
210.19.63.227,2024-01-31,14:00:03 UTC,["necessary"],desktop,en,Chrome,OS X,Malaysia,14,Kuala Lumpur,Kuala Lumpur,50450,3.1512,101.7103
46.184.240.230,2024-02-01,14:44:10 UTC,["necessary"],desktop,en,Chrome,Windows,Bahrain,13,Manama,Manama,09834,26.241,50.5779
37.131.106.98,2024-02-02,02:10:59 UTC,["necessary"],desktop,en,Chrome,Windows,Bahrain,13,Manama,Manama,09834,26.241,50.5779
122.161.68.113,2024-02-05,15:31:09 UTC,["necessary"],desktop,en,Chrome,Windows,India,DL,National Capital Territory of Delhi,Delhi,110008,28.6542,77.2373
109.161.216.197,2024-02-05,17:53:03 UTC,["necessary"],desktop,en,Safari,OS X,Bahrain,13,Manama,Manama,09834,26.241,50.5779
109.63.84.165,2024-02-06,13:04:28 UTC,["necessary"],mobile,en,Safari,iOS,Bahrain,15,Muharraq,Al Hadd,,26.2459,50.6615
193.188.122.159,2024-02-06,14:47:38 UTC,["necessary"],desktop,en,Edge,Windows,Bahrain,13,Manama,Manama,09834,26.241,50.5779
193.188.122.159,2024-02-06,17:04:55 UTC,["necessary"],desktop,en,Chrome,Windows,Bahrain,13,Manama,Manama,09834,26.241,50.5779
46.184.187.131,2024-02-07,18:45:19 UTC,["necessary"],mobile,en,Chrome,Android,Bahrain,13,Manama,Manama,09834,26.241,50.5779
37.131.108.197,2024-02-08,18:07:35 UTC,["necessary"],desktop,en,Safari,OS X,Bahrain,13,Manama,Manama,09834,26.241,50.5779
116.71.9.64,2024-02-12,18:58:35 UTC,["necessary"],desktop,en,Chrome,Windows,Pakistan,PB,Punjab,Lahore,55110,31.558,74.3507
109.161.165.242,2024-02-14,17:17:17 UTC,["necessary"],desktop,en,Chrome,Windows,Bahrain,13,Manama,Manama,09834,26.241,50.5779
64.145.93.146,2024-02-15,01:58:15 UTC,["necessary"],mobile,en,Chrome,Android,United States,CO,Colorado,Denver,80202,39.7392,-104.9902
83.111.187.21,2024-02-15,08:04:55 UTC,["necessary"],desktop,en,Edge,Windows,United Arab Emirates,DU,Dubai,Dubai,,25.0731,55.298
109.161.179.196,2024-02-19,11:35:44 UTC,["necessary"],desktop,en,Chrome,OS X,Bahrain,14,Southern Governorate,Madinat `Isa,,26.175,50.5486
2401:4900:1c46:52a5:b420:c6a5:af72:ad45,2024-02-21,23:53:45 UTC,["necessary"],desktop,en,Chrome,Windows,India,DL,National Capital Territory of Delhi,Delhi,110006,28.6542,77.2373
109.161.158.196,2024-02-25,15:07:22 UTC,["necessary"],mobile,en,Safari,iOS,Bahrain,13,Manama,Manama,09834,26.241,50.5779
87.236.140.53,2024-02-26,14:23:45 UTC,["necessary"],desktop,en,Chrome,Windows,Bahrain,15,Muharraq,Al Muharraq,,26.2658,50.6113
46.184.188.50,2024-02-26,14:59:09 UTC,["necessary"],mobile,en,Chrome,Android,Bahrain,13,Manama,Manama,09834,26.241,50.5779
223.123.4.148,2024-02-28,15:33:33 UTC,["necessary"],desktop,en,Chrome,Windows,Pakistan,PB,Punjab,Mananwala,,31.588,73.6893
118.107.134.217,2024-03-01,17:56:45 UTC,["necessary"],desktop,en,Chrome,OS X,Pakistan,GB,Gilgit-Baltistan,Skardu,16100,35.2979,75.6337
39.35.202.89,2024-03-01,23:33:37 UTC,["necessary"],desktop,en,Opera,Windows,Pakistan,PB,Punjab,Gujranwala,40410,32.2722,72.939
2401:4900:1c48:a38e:e40c:5c26:125c:e978,2024-03-05,09:59:48 UTC,["necessary"],tablet,en,Safari,iOS,India,DL,National Capital Territory of Delhi,Delhi,110006,28.6542,77.2373
122.161.68.110,2024-03-05,12:47:33 UTC,["necessary"],desktop,en,Chrome,Windows,India,DL,National Capital Territory of Delhi,Delhi,110001,28.6542,77.2373
2401:4900:30c9:55f9:d094:feff:fe6f:be6d,2024-03-05,13:26:27 UTC,["necessary"],mobile,en,Chrome,Android,India,DL,National Capital Territory of Delhi,Delhi,110001,28.6542,77.2373
193.188.122.141,2024-03-05,20:55:37 UTC,["necessary"],mobile,en,Chrome,Android,Bahrain,13,Manama,Manama,09834,26.241,50.5779
2001:8f8:1a3f:1bb6:2194:1dba:97f6:c165,2024-03-08,12:33:09 UTC,["necessary"],desktop,en,Chrome,OS X,United Arab Emirates,DU,Dubai,Dubai,,25.0731,55.298
2.51.171.194,2024-03-15,13:32:28 UTC,["necessary"],desktop,en,Chrome,OS X,United Arab Emirates,DU,Dubai,Dubai,,25.0731,55.298
41.75.181.254,2024-03-19,23:31:10 UTC,["necessary"],mobile,en,Chrome,Android,Uganda,C,Central Region,Kampala Central Division,,0.32467,32.5747
89.148.42.198,2024-03-20,11:12:30 UTC,["necessary"],desktop,en,Edge,Windows,Bahrain,13,Manama,Jidd Ḩafş,,26.2186,50.5478
46.184.199.134,2024-03-21,03:47:08 UTC,["necessary"],desktop,en,Chrome,Windows,Bahrain,13,Manama,Manama,09834,26.241,50.5779
39.35.213.162,2024-03-22,12:16:03 UTC,["necessary"],mobile,en,Chrome,Android,Pakistan,PB,Punjab,Gujranwala,40410,32.2722,72.939
2001:8f8:1a3f:3d5:62:a332:1177:29ed,2024-03-26,16:53:59 UTC,["necessary"],desktop,en,Chrome,OS X,United Arab Emirates,DU,Dubai,Dubai,,25.0731,55.298
77.69.202.206,2024-03-28,12:50:42 UTC,["necessary"],desktop,en,Safari,OS X,Bahrain,13,Manama,Manama,09834,26.241,50.5779
2406:b400:71:325d:4089:4778:e714:4453,2024-04-16,13:39:18 UTC,["necessary"],desktop,en,Chrome,Windows,India,DL,National Capital Territory of Delhi,New Delhi,110003,28.652,77.1663
182.191.122.40,2024-04-19,15:24:11 UTC,["necessary"],mobile,en,Samsung Internet,Android,Pakistan,PB,Punjab,Lahore,54000,31.5826,74.3276
203.37.20.86,2024-04-24,09:58:49 UTC,["necessary"],desktop,en,Chrome,Windows,Australia,SA,South Australia,Adelaide,5067,-34.9233,138.629
2409:40c1:59:47c6:714c:e0d0:9dc7:4707,2024-04-27,14:00:59 UTC,["necessary"],desktop,en,Chrome,Windows,India,GJ,Gujarat,Surat,395007,21.1888,72.8293
62.209.8.23,2024-04-27,21:50:41 UTC,["necessary"],mobile,en,Samsung Internet,Android,Bahrain,17,Northern,Hamad Town,,26.118,50.5011
88.201.62.195,2024-04-29,14:00:07 UTC,["necessary"],desktop,en,Chrome,Windows,Bahrain,13,Manama,Manama,09834,26.2235,50.5876
46.184.188.203,2024-05-02,03:34:55 UTC,["necessary"],mobile,en,Chrome,iOS,Bahrain,13,Manama,Manama,09834,26.241,50.5779
109.161.202.42,2024-05-05,05:22:28 UTC,["necessary"],mobile,en,Samsung Internet,Android,Bahrain,13,Manama,Manama,09834,26.241,50.5779
109.161.175.102,2024-05-06,15:49:54 UTC,["necessary"],desktop,en,Safari,OS X,Bahrain,17,Northern,Hamad Town,,26.118,50.5011
37.131.104.202,2024-05-15,22:56:44 UTC,["necessary"],mobile,en,Samsung Internet,Android,Bahrain,13,Manama,Manama,09834,26.241,50.5779
109.63.56.249,2024-05-18,19:49:13 UTC,["necessary"],mobile,en,Chrome,iOS,Bahrain,13,Manama,Manama,09834,26.241,50.5779
165.1.166.244,2024-05-18,21:38:07 UTC,["necessary"],mobile,en,Safari,iOS,Bahrain,13,Manama,Manama,09834,26.241,50.5779
88.201.82.125,2024-05-19,00:06:33 UTC,["necessary"],desktop,en,Edge,Windows,Bahrain,13,Manama,Manama,09834,26.241,50.5779
37.131.108.169,2024-05-21,10:50:20 UTC,["necessary"],mobile,en,Chrome,iOS,Bahrain,13,Manama,Manama,09834,26.241,50.5779
154.9.241.153,2024-05-21,12:15:22 UTC,["necessary"],desktop,zh,Chrome,Windows,United States,CA,California,Los Angeles,90017,34.0515,-118.2707
109.161.131.135,2024-05-23,14:02:48 UTC,["necessary"],mobile,en,Safari,iOS,Bahrain,17,Northern,Hamad Town,,26.118,50.5011
46.184.249.188,2024-05-23,16:37:13 UTC,["necessary"],desktop,en,Chrome,Windows,Bahrain,17,Northern,Hamad Town,,26.118,50.5011
46.184.247.247,2024-05-28,15:52:57 UTC,["necessary"],desktop,en,Chrome,Windows,Bahrain,17,Northern,Hamad Town,,26.118,50.5011
37.131.43.125,2024-05-29,18:45:17 UTC,["necessary"],mobile,en,Chrome,iOS,Bahrain,17,Northern,Hamad Town,,26.118,50.5011
37.131.43.125,2024-05-29,21:55:51 UTC,["necessary"],desktop,en,Chrome,Windows,Bahrain,17,Northern,Hamad Town,,26.118,50.5011
37.131.109.57,2024-06-05,18:08:39 UTC,["necessary"],mobile,en,Chrome,iOS,Bahrain,13,Manama,Manama,09834,26.241,50.5779
2a09:bac3:506:191::28:9e,2024-06-05,18:47:49 UTC,["necessary"],mobile,en,Safari,iOS,Bahrain,13,Manama,Manama,,26.2235,50.5875
77.69.190.76,2024-06-06,15:00:32 UTC,["necessary"],desktop,en,Chrome,Windows,Bahrain,17,Northern,Hamad Town,,26.118,50.5011
77.69.190.76,2024-06-06,15:01:01 UTC,["necessary"],desktop,en,Edge,Windows,Bahrain,17,Northern,Hamad Town,,26.118,50.5011
109.63.70.188,2024-06-06,17:17:00 UTC,["necessary"],desktop,en,Chrome,Windows,Bahrain,17,Northern,Hamad Town,,26.118,50.5011
109.161.206.189,2024-06-07,22:09:15 UTC,["necessary"],mobile,en,Chrome,Android,Bahrain,13,Manama,Manama,09834,26.241,50.5779
109.161.206.189,2024-06-07,22:22:30 UTC,["necessary"],desktop,en,Chrome,Windows,Bahrain,13,Manama,Manama,09834,26.241,50.5779
37.131.42.176,2024-06-08,12:26:32 UTC,["necessary"],desktop,en,Chrome,Windows,Bahrain,17,Northern,Hamad Town,,26.118,50.5011
197.239.15.192,2024-06-12,09:30:54 UTC,["necessary"],mobile,en,Chrome,iOS,Uganda,E,Eastern Region,Busia,,0.46588,34.0922
102.85.203.144,2024-06-12,18:35:23 UTC,["necessary"],desktop,en,Chrome,Windows,Uganda,C,Central Region,Kampala Central Division,,0.32467,32.5747
103.253.19.77,2024-06-21,00:09:30 UTC,["necessary"],mobile,en,,Android,Pakistan,PB,Punjab,Faisalabad,38000,31.3709,73.0336
197.239.7.12,2024-06-21,13:38:43 UTC,["necessary"],mobile,en,Chrome,iOS,Uganda,C,Central Region,Kampala,,0.320715,32.5884
109.161.175.102,2024-06-22,13:12:29 UTC,["necessary"],desktop,en,Safari,OS X,Bahrain,17,Northern,Hamad Town,,26.118,50.5011
89.148.20.239,2024-06-25,17:30:31 UTC,["necessary"],mobile,en,Safari,iOS,Bahrain,13,Manama,Manama,09834,26.241,50.5779
188.116.232.155,2024-06-25,18:38:09 UTC,["necessary"],desktop,en,Chrome,Windows,Bahrain,17,Northern,Hamad Town,,26.118,50.5011
2406:7400:92:736c:3988:f0d3:740a:4226,2024-06-26,13:07:54 UTC,["necessary"],desktop,en,Chrome,Windows,India,KA,Karnataka,Bengaluru,560025,12.9634,77.5855
2001:8f8:1a3f:1382:10cc:d0fc:84af:1a2e,2024-06-28,11:57:37 UTC,["necessary"],desktop,en,Chrome,OS X,United Arab Emirates,DU,Dubai,Dubai,,25.0731,55.298
46.184.248.245,2024-06-30,18:35:20 UTC,["necessary"],desktop,en,Chrome,Windows,Bahrain,13,Manama,Manama,09834,26.241,50.5779
88.201.62.195,2024-07-02,20:16:03 UTC,["necessary"],mobile,en,Safari,iOS,Bahrain,17,Northern,Hamad Town,,26.118,50.5011
46.184.245.82,2024-07-03,13:32:02 UTC,["necessary"],mobile,en,Chrome,iOS,Bahrain,13,Manama,Manama,09834,26.241,50.5779
46.184.245.82,2024-07-04,11:16:51 UTC,["necessary"],mobile,en,Chrome,iOS,Bahrain,13,Manama,Manama,09834,26.241,50.5779
2001:1a40:160e:a600:555f:40e5:b9ee:450e,2024-07-04,20:42:47 UTC,["necessary"],mobile,en,Chrome,iOS,Bahrain,13,Manama,Manama,09834,26.241,50.5779
2001:8f8:1a61:ecea:39f6:760b:e007:312b,2024-07-05,17:52:58 UTC,["necessary"],desktop,en,Chrome,OS X,United Arab Emirates,DU,Dubai,Dubai,,25.0731,55.298
46.184.243.200,2024-07-13,02:37:49 UTC,["necessary"],mobile,en,Chrome,iOS,Bahrain,13,Manama,Manama,09834,26.241,50.5779
193.188.105.224,2024-07-23,02:27:35 UTC,["necessary"],mobile,en,Safari,iOS,Bahrain,17,Northern,Hamad Town,,26.1153,50.5069
37.131.108.191,2024-07-27,16:27:39 UTC,["necessary"],desktop,en,Chrome,Windows,Bahrain,17,Northern,Hamad Town,,26.118,50.5011
37.131.108.191,2024-07-27,16:33:59 UTC,["necessary"],desktop,en,Chrome,Windows,Bahrain,17,Northern,Hamad Town,,26.118,50.5011
37.131.106.93,2024-07-27,22:26:23 UTC,["necessary"],mobile,en,Chrome,Android,Bahrain,17,Northern,Hamad Town,,26.118,50.5011
2a09:bac5:5112:d2::15:1bd,2024-08-02,18:51:12 UTC,["necessary"],mobile,en,Chrome,iOS,Qatar,DA,Baladīyat ad Dawḩah,Doha,,25.2854,51.531
94.200.13.222,2024-08-09,17:52:48 UTC,["necessary"],desktop,en,Chrome,OS X,United Arab Emirates,DU,Dubai,Dubai,,25.0731,55.298
37.224.43.219,2024-08-12,15:13:46 UTC,["necessary"],desktop,en,Chrome,OS X,Saudi Arabia,01,Riyadh Region,Riyadh,09848,24.6869,46.7224
46.184.248.251,2024-08-13,16:23:55 UTC,["necessary"],desktop,en,Chrome,Windows,Bahrain,13,Manama,Manama,09834,26.241,50.5779
103.25.251.229,2024-08-19,19:43:15 UTC,["necessary"],mobile,en,,Android,Bangladesh,A,Barisal Division,Mathba,,22.2862,89.9588
37.131.44.26,2024-08-20,04:04:55 UTC,["necessary"],mobile,en,Chrome,iOS,Bahrain,13,Manama,Manama,09834,26.241,50.5779
37.131.106.82,2024-08-22,03:17:34 UTC,["necessary"],desktop,en,Chrome,OS X,Bahrain,13,Manama,Manama,09834,26.241,50.5779
37.131.106.82,2024-08-22,03:18:08 UTC,["necessary"],mobile,en,Chrome,iOS,Bahrain,13,Manama,Manama,09834,26.241,50.5779
37.131.106.82,2024-08-22,03:18:24 UTC,["necessary"],mobile,en,Chrome,iOS,Bahrain,13,Manama,Manama,09834,26.241,50.5779
59.103.109.62,2024-08-22,04:14:41 UTC,["necessary"],desktop,en,Chrome,OS X,Pakistan,PB,Punjab,Multan,60700,30.2216,71.4702
59.103.109.62,2024-08-22,21:19:31 UTC,["necessary"],desktop,en,Chrome,OS X,Pakistan,PB,Punjab,Multan,60700,30.2216,71.4702
59.103.109.62,2024-08-22,21:33:57 UTC,["necessary"],desktop,en,Safari,OS X,Pakistan,PB,Punjab,Multan,60700,30.2216,71.4702
59.103.109.62,2024-08-22,21:36:42 UTC,["necessary"],desktop,en,Safari,OS X,Pakistan,PB,Punjab,Multan,60700,30.2216,71.4702
80.95.215.179,2024-08-22,23:04:50 UTC,["necessary"],mobile,en,Safari,iOS,Bahrain,13,Manama,Sanābis,,26.2272,50.5508
37.131.107.119,2024-08-23,18:52:37 UTC,["necessary"],desktop,en,Chrome,Windows,Bahrain,13,Manama,Manama,09834,26.241,50.5779
152.42.135.153,2024-08-28,01:06:33 UTC,["necessary"],mobile,en,Safari,iOS,The Netherlands,NH,North Holland,Amsterdam,1098,52.352,4.9392
109.63.56.113,2024-08-28,12:19:44 UTC,["necessary"],mobile,en,Chrome,iOS,Bahrain,13,Manama,Manama,09834,26.241,50.5779
2001:1a40:1670:5d00:fc56:78f:8611:4c53,2024-09-03,00:12:42 UTC,["necessary"],desktop,en,Chrome,OS X,Bahrain,17,Northern,Hamad Town,,26.118,50.5011
2001:1a40:1670:5d00:fc56:78f:8611:4c53,2024-09-03,00:14:40 UTC,["necessary"],desktop,en,Chrome,OS X,Bahrain,17,Northern,Hamad Town,,26.118,50.5011
88.201.6.188,2024-09-03,23:07:14 UTC,["necessary"],mobile,en,Chrome,Android,Bahrain,13,Manama,Manama,09834,26.241,50.5779
37.131.109.160,2024-09-05,12:17:49 UTC,["necessary"],desktop,en,Chrome,OS X,Bahrain,13,Manama,Manama,09834,26.241,50.5779
102.222.234.66,2024-09-06,18:14:27 UTC,["necessary"],desktop,en,Chrome,Windows,Uganda,C,Central Region,Kampala,,0.340929,32.5829
109.161.183.102,2024-09-20,20:17:30 UTC,["necessary"],desktop,en,Edge,Windows,Bahrain,13,Manama,Manama,09834,26.241,50.5779
89.31.194.13,2024-09-22,10:58:13 UTC,["necessary"],desktop,en,Chrome,Windows,Bahrain,13,Manama,Manama,09834,26.241,50.5779
88.201.0.19,2024-09-23,14:29:16 UTC,["necessary"],mobile,en,Safari,iOS,Bahrain,13,Manama,Manama,09834,26.241,50.5779
37.131.95.195,2024-09-23,15:13:20 UTC,["necessary"],tablet,en,Chrome,iOS,Bahrain,13,Manama,Manama,09834,26.241,50.5779
82.194.32.66,2024-09-23,22:37:02 UTC,["necessary"],desktop,en,Chrome,Windows,Bahrain,17,Northern,Hamad Town,,26.118,50.5011
39.46.182.178,2024-09-25,00:48:58 UTC,["necessary"],desktop,en,Chrome,Windows,Pakistan,PB,Punjab,Lahore,54000,31.5826,74.3276
89.31.194.13,2024-09-30,12:19:36 UTC,["necessary"],desktop,en,Chrome,Windows,Bahrain,13,Manama,Manama,09834,26.241,50.5779
2001:16a2:c0f2:861c:0:8:6f53:ba01,2024-09-30,12:53:18 UTC,["necessary"],mobile,en,Chrome,Android,Saudi Arabia,04,Eastern Province,Dammam,,26.4336,50.1116
37.131.107.213,2024-10-01,22:24:39 UTC,["necessary"],mobile,en,Chrome,iOS,Bahrain,13,Manama,Manama,09834,26.241,50.5779
182.185.203.141,2024-10-02,16:47:02 UTC,["necessary"],desktop,en,Chrome,OS X,Pakistan,PB,Punjab,Lahore,54000,31.5826,74.3276
102.86.4.66,2024-10-07,16:04:44 UTC,["necessary"],mobile,en,Safari,iOS,Uganda,C,Central Region,Kampala,,0.320715,32.5884
37.224.43.219,2024-10-07,19:34:39 UTC,["necessary"],desktop,en,Safari,OS X,Saudi Arabia,01,Riyadh Region,Riyadh,09848,24.6869,46.7224
37.131.107.144,2024-10-08,14:30:30 UTC,["necessary"],mobile,en,Safari,iOS,Bahrain,13,Manama,Manama,09834,26.241,50.5779
37.131.104.34,2024-10-09,21:14:36 UTC,["necessary"],mobile,en,Chrome,iOS,Bahrain,13,Manama,Manama,09834,26.241,50.5779
37.131.104.83,2024-10-10,11:27:08 UTC,["necessary"],mobile,en,Chrome,iOS,Bahrain,13,Manama,Manama,09834,26.241,50.5779
46.184.139.162,2024-10-10,12:16:46 UTC,["necessary"],desktop,en,Edge,Windows,Bahrain,15,Muharraq,Al Muharraq,,26.2658,50.6113
89.148.23.2,2024-10-10,13:49:23 UTC,["necessary"],mobile,en,Safari,iOS,Bahrain,13,Manama,Manama,09834,26.241,50.5779
37.131.104.83,2024-10-10,19:04:40 UTC,["necessary"],mobile,en,Chrome,iOS,Bahrain,13,Manama,Manama,09834,26.241,50.5779
36.71.143.85,2024-10-11,21:39:06 UTC,["necessary"],desktop,id,Chrome,Windows,Indonesia,SU,North Sumatra,Medan,,3.5847,98.6629
113.203.198.98,2024-10-14,18:46:47 UTC,["necessary"],desktop,en,Chrome,Windows,Pakistan,PB,Punjab,Lahore,54030,31.558,74.3587
89.31.194.13,2024-10-20,17:04:57 UTC,["necessary"],desktop,en,Edge,Windows,Bahrain,13,Manama,Manama,09834,26.241,50.5779
37.131.109.106,2024-10-22,02:34:47 UTC,["necessary"],mobile,en,Chrome,iOS,Bahrain,13,Manama,Manama,09834,26.241,50.5779
109.63.56.40,2024-10-27,16:36:30 UTC,["necessary"],mobile,en,Chrome,iOS,Bahrain,13,Manama,Manama,09834,26.241,50.5779
37.131.110.102,2024-10-27,16:40:48 UTC,["necessary"],desktop,en,Chrome,Windows,Bahrain,13,Manama,Manama,09834,26.241,50.5779
46.184.188.144,2024-11-03,11:06:54 UTC,["necessary"],desktop,en,Chrome,Windows,Bahrain,13,Manama,Manama,09834,26.241,50.5779
109.161.146.70,2024-11-05,13:19:30 UTC,["necessary"],mobile,en,Chrome,iOS,Bahrain,17,Northern,Hamad Town,,26.118,50.5011
88.201.6.240,2024-11-05,13:50:47 UTC,["necessary"],mobile,en,Safari,iOS,Bahrain,13,Manama,Manama,09834,26.241,50.5779
109.161.175.223,2024-11-05,22:25:20 UTC,["necessary"],desktop,en,Chrome,Windows,Bahrain,13,Manama,Manama,09834,26.241,50.5779
109.161.175.223,2024-11-17,15:36:31 UTC,["necessary"],desktop,en,Chrome,OS X,Bahrain,13,Manama,Manama,09834,26.2235,50.5876
37.131.42.158,2024-12-02,14:02:50 UTC,["necessary"],desktop,en,Chrome,Windows,Bahrain,17,Northern,Hamad Town,,26.1153,50.5069
37.131.108.214,2024-12-06,18:05:50 UTC,["necessary"],desktop,en,Chrome,Windows,Bahrain,13,Manama,Manama,09834,26.241,50.5779
109.161.212.215,2024-12-08,22:42:24 UTC,["necessary"],mobile,en,Google Search,iOS,Bahrain,13,Manama,Manama,09834,26.241,50.5779
2001:8f8:1a3f:f2e:d11d:de84:3938:da7d,2024-12-10,14:15:16 UTC,["necessary"],desktop,en,Chrome,OS X,United Arab Emirates,DU,Dubai,Dubai,,25.0731,55.298
94.200.13.222,2024-12-11,15:47:33 UTC,["necessary"],desktop,en,Chrome,OS X,United Arab Emirates,DU,Dubai,Dubai,,25.0731,55.298
2400:adc5:165:3300:7127:d909:4a3:b41d,2024-12-19,20:29:45 UTC,["necessary"],desktop,en,Chrome,Windows,Pakistan,PB,Punjab,Lahore,54000,31.5826,74.3276
94.76.10.181,2024-12-23,18:20:31 UTC,["necessary"],mobile,en,Safari,iOS,Bahrain,13,Manama,Manama,09834,26.241,50.5779
2400:adcc:135:b300:3d36:efda:8ebd:6c5f,2024-12-31,14:51:40 UTC,["necessary"],desktop,en,Edge,Windows,Pakistan,KP,Khyber Pakhtunkhwa,Peshawar,25100,34.0155,71.5112
110.38.243.137,2024-12-31,20:09:11 UTC,["necessary"],mobile,en,Chrome,Android,Pakistan,SD,Sindh,Karachi,75290,24.9239,67.1423
2001:16a2:c013:17ad:8cff:a0d7:a576:f8ab,2025-01-19,16:38:21 UTC,["necessary"],mobile,en,Safari,iOS,Saudi Arabia,01,Riyadh Region,Riyadh,09848,24.6869,46.7224
2001:8f8:1a3f:f2e:c0f1:3a20:84d3:3a8d,2025-01-27,17:46:03 UTC,["necessary"],desktop,en,Chrome,OS X,United Arab Emirates,DU,Dubai,Dubai,,25.0734,55.2979
217.196.225.170,2025-02-10,16:58:00 UTC,["necessary"],desktop,en,Chrome,OS X,United Kingdom,ENG,England,Croydon,CR0,51.3488,-0.0321
37.131.108.79,2025-02-12,01:09:06 UTC,["necessary"],desktop,en,Chrome,Windows,Bahrain,13,Manama,Manama,09834,26.2235,50.5813
188.116.232.88,2025-02-16,14:17:38 UTC,["necessary"],desktop,en,Chrome,OS X,Bahrain,13,Manama,Manama,09834,26.2235,50.5813
88.201.127.70,2025-02-16,15:59:47 UTC,["necessary"],desktop,en,Chrome,Windows,Bahrain,13,Manama,Manama,09834,26.2235,50.5813
109.161.175.201,2025-02-18,12:33:54 UTC,["necessary"],desktop,en,Chrome,Windows,Bahrain,13,Manama,Manama,09834,26.2235,50.5813
46.184.243.91,2025-02-18,12:37:01 UTC,["necessary"],mobile,en,Chrome,iOS,Bahrain,13,Manama,Manama,09834,26.2235,50.5813
109.161.175.201,2025-02-18,13:13:57 UTC,["necessary"],desktop,en,Edge,Windows,Bahrain,13,Manama,Manama,09834,26.2235,50.5813
46.184.243.91,2025-02-18,16:40:07 UTC,["necessary"],mobile,en,Chrome,iOS,Bahrain,13,Manama,Manama,09834,26.2235,50.5813
88.201.127.70,2025-02-19,16:21:53 UTC,["necessary"],mobile,en,Safari,iOS,Bahrain,13,Manama,Manama,09834,26.2235,50.5813
84.255.184.200,2025-02-20,09:51:57 UTC,["necessary"],desktop,en,Chrome,Windows,Bahrain,13,Manama,Manama,09834,26.2235,50.5813
46.184.245.252,2025-02-24,09:56:29 UTC,["necessary"],mobile,en,Chrome,iOS,Bahrain,13,Manama,Manama,09834,26.2235,50.5813
46.184.245.252,2025-02-25,10:59:56 UTC,["necessary"],mobile,en,Chrome,iOS,Bahrain,13,Manama,Manama,09834,26.2235,50.5813
102.36.156.37,2025-02-26,06:07:09 UTC,["necessary"],mobile,en,Chrome,Android,South Africa,WC,Western Cape,Cape Town,7490,-33.914,18.4129
2001:8f8:1a3f:26fb:b4f6:5af8:3408:799b,2025-03-09,21:16:58 UTC,["necessary"],desktop,en,Chrome,OS X,United Arab Emirates,DU,Dubai,Dubai,,25.0734,55.2979
5.31.44.118,2025-03-11,11:41:33 UTC,["necessary"],desktop,en,Chrome,OS X,United Arab Emirates,DU,Dubai,Dubai,,25.0734,55.2979
46.184.248.110,2025-03-12,20:17:37 UTC,["necessary"],desktop,en,Chrome,OS X,Bahrain,13,Manama,Manama,09834,26.2235,50.5813
2a09:bac3:501:15f::23:400,2025-03-13,06:21:25 UTC,["necessary"],mobile,en,Safari,iOS,Bahrain,13,Manama,Manama,,26.2235,50.5875
46.184.248.110,2025-03-13,12:03:06 UTC,["necessary"],mobile,en,Safari,iOS,Bahrain,13,Manama,Manama,09834,26.2235,50.5813
46.184.248.110,2025-03-13,12:03:34 UTC,["necessary"],mobile,en,Chrome,iOS,Bahrain,13,Manama,Manama,09834,26.2235,50.5813
46.184.187.203,2025-03-18,15:51:33 UTC,["necessary"],mobile,en,Chrome,iOS,Bahrain,13,Manama,Manama,09834,26.2235,50.5813
109.161.175.201,2025-03-20,13:58:34 UTC,["necessary"],desktop,en,Chrome,Windows,Bahrain,13,Manama,Manama,09834,26.2235,50.5813
46.184.242.54,2025-03-24,18:45:30 UTC,["necessary"],desktop,en,Chrome,OS X,Bahrain,13,Manama,Manama,09834,26.2235,50.5813
37.131.104.252,2025-03-25,13:23:51 UTC,["necessary"],mobile,en,Chrome,iOS,Bahrain,13,Manama,Manama,09834,26.2235,50.5813
2400:adc5:452:5400:7010:9c5d:61c7:af,2025-04-11,21:25:06 UTC,["necessary"],desktop,en,Chrome,Windows,Pakistan,PB,Punjab,Lahore,54000,31.5826,74.3276
102.219.210.14,2025-04-11,22:35:02 UTC,["necessary"],desktop,en,Edge,Windows,Kenya,30,Nairobi County,Nairobi,09831,-1.2841,36.8155
46.184.245.126,2025-04-11,22:55:31 UTC,["necessary"],mobile,en,Chrome,iOS,Bahrain,13,Manama,Manama,09834,26.2235,50.5813
2400:adc5:452:5400:a56e:8e41:561:9f6c,2025-04-11,22:57:09 UTC,["necessary"],mobile,en,Chrome,Android,Pakistan,PB,Punjab,Lahore,54000,31.5826,74.3276
2400:adc5:452:5400:4801:77b4:5a4:702f,2025-04-14,19:03:40 UTC,["necessary"],desktop,en,Chrome,Windows,Pakistan,PB,Punjab,Lahore,54000,31.5826,74.3276
2400:adc5:452:5400:4801:77b4:5a4:702f,2025-04-14,20:02:54 UTC,["necessary"],desktop,en,Chrome,Windows,Pakistan,PB,Punjab,Lahore,54000,31.5826,74.3276
2400:adc5:452:5400:4801:77b4:5a4:702f,2025-04-14,20:21:30 UTC,["necessary"],desktop,en,Chrome,Windows,Pakistan,PB,Punjab,Lahore,54000,31.5826,74.3276
2400:adc5:452:5400:510:c146:ce70:630c,2025-04-14,22:39:14 UTC,["necessary"],desktop,en,Opera,Windows,Pakistan,PB,Punjab,Lahore,54000,31.5826,74.3276
2400:adc5:452:5400:4801:77b4:5a4:702f,2025-04-14,22:59:49 UTC,["necessary"],desktop,en,Chrome,Windows,Pakistan,PB,Punjab,Lahore,54000,31.5826,74.3276
2400:adc5:452:5400:4801:77b4:5a4:702f,2025-04-14,23:48:18 UTC,["necessary"],desktop,en,Chrome,Windows,Pakistan,PB,Punjab,Lahore,54000,31.5826,74.3276
2602:feda:30:cafe:1602:ecff:fe49:2fb4,2025-04-18,08:18:13 UTC,["necessary"],desktop,zh,Chrome,Windows,United States,CA,California,San Jose,95141,37.3388,-121.8916
2001:1a40:1601:5e00:c4a1:e634:fc98:1361,2025-04-22,01:23:28 UTC,["necessary"],mobile,en,Safari,iOS,Bahrain,13,Manama,Manama,09834,26.2235,50.5813
45.88.182.3,2025-04-28,08:38:37 UTC,["necessary"],desktop,zh,Chrome,Windows,South Korea,11,Seoul,Seoul,04524,37.5658,126.978
2402:e280:212e:4a:e1a2:8feb:a24f:173d,2025-04-28,16:49:52 UTC,["necessary"],desktop,en,Chrome,Windows,India,KA,Karnataka,Bengaluru,562130,12.9753,77.591
2001:1a40:1403:d300:a038:d81e:1f4f:19fc,2025-04-30,15:18:00 UTC,["necessary"],desktop,en,Chrome,OS X,Bahrain,13,Manama,Manama,09834,26.2235,50.5813
62.209.10.1,2025-05-03,16:35:00 UTC,["necessary"],desktop,en,Chrome,Windows,Bahrain,13,Manama,Manama,09834,26.2235,50.5813
62.209.10.1,2025-05-03,19:28:13 UTC,["necessary"],desktop,en,Chrome,OS X,Bahrain,13,Manama,Manama,09834,26.2235,50.5813
62.209.10.1,2025-05-03,19:47:04 UTC,["necessary"],desktop,en,Chrome,OS X,Bahrain,13,Manama,Manama,09834,26.2235,50.5813
2400:adc5:452:5400:44da:469b:8535:78e7,2025-05-05,21:12:27 UTC,["necessary"],desktop,en,Chrome,Windows,Pakistan,PB,Punjab,Lahore,54000,31.5826,74.3276
109.161.135.103,2025-05-09,16:21:02 UTC,["necessary"],mobile,en,Chrome,iOS,Bahrain,13,Manama,Manama,09834,26.2235,50.5813
109.161.131.36,2025-05-11,14:13:39 UTC,["necessary"],mobile,en,Chrome,iOS,Bahrain,13,Manama,Manama,09834,26.2235,50.5813
109.161.200.3,2025-05-13,09:13:47 UTC,["necessary"],mobile,en,Chrome,iOS,Bahrain,15,Muharraq,Al Muharraq,,26.2658,50.6113
109.161.198.247,2025-05-13,14:19:31 UTC,["necessary"],mobile,en,Chrome,iOS,Bahrain,15,Muharraq,Al Muharraq,,26.2658,50.6113
109.161.198.247,2025-05-13,14:22:46 UTC,["necessary"],mobile,en,Chrome,iOS,Bahrain,15,Muharraq,Al Muharraq,,26.2658,50.6113
109.161.210.10,2025-05-26,16:30:21 UTC,["necessary"],desktop,en,Chrome,OS X,Bahrain,17,Northern,Hamad Town,,26.118,50.5011
109.161.162.7,2025-05-29,10:40:55 UTC,["necessary"],mobile,en,Chrome,iOS,Bahrain,17,Northern,Hamad Town,,26.118,50.5011
197.184.112.26,2025-06-13,18:34:16 UTC,["necessary"],mobile,en,Chrome,Android,South Africa,GP,Gauteng,Johannesburg,2192,-26.2309,28.0583
5.30.58.3,2025-07-01,18:38:44 UTC,["necessary"],desktop,en,Chrome,OS X,United Arab Emirates,SH,Sharjah,Sharjah,,25.3412,55.4224
2001:1a40:1003:a100:d501:475:6e5a:c59c,2025-07-08,13:36:28 UTC,["necessary"],desktop,en,Chrome,OS X,Bahrain,13,Manama,Manama,09834,26.2235,50.5813
127.0.0.1,2025-07-23,02:14:55 UTC,["necessary"],desktop,en,Chrome,OS X,,,,,,,
